{"Hillary Clinton": {"stance_or_none": {"train": {"0": {"precision": 1.0, "recall": 0.012048192771084338, "f1-score": 0.02380952380952381, "support": 166}, "1": {"precision": 0.7425431711145997, "recall": 1.0, "f1-score": 0.8522522522522522, "support": 473}, "accuracy": 0.7433489827856025, "macro avg": {"precision": 0.8712715855572999, "recall": 0.5060240963855421, "f1-score": 0.438030888030888, "support": 639}, "weighted avg": {"precision": 0.8094255398078336, "recall": 0.7433489827856025, "f1-score": 0.6370386483062539, "support": 639}}, "test": {"0": {"precision": 0.0, "recall": 0.0, "f1-score": 0.0, "support": 78}, "1": {"precision": 0.735593220338983, "recall": 1.0, "f1-score": 0.84765625, "support": 217}, "accuracy": 0.735593220338983, "macro avg": {"precision": 0.3677966101694915, "recall": 0.5, "f1-score": 0.423828125, "support": 295}, "weighted avg": {"precision": 0.5410973858086757, "recall": 0.735593220338983, "f1-score": 0.6235301906779661, "support": 295}}}, "favor_or_against": {"train": {"0": {"precision": 0.0, "recall": 0.0, "f1-score": 0.0, "support": 112}, "1": {"precision": 0.7632135306553911, "recall": 1.0, "f1-score": 0.8657074340527577, "support": 361}, "accuracy": 0.7632135306553911, "macro avg": {"precision": 0.38160676532769555, "recall": 0.5, "f1-score": 0.43285371702637887, "support": 473}, "weighted avg": {"precision": 0.5824948933754677, "recall": 0.7632135306553911, "f1-score": 0.6607196272580244, "support": 473}}, "test": {"0": {"precision": 0.0, "recall": 0.0, "f1-score": 0.0, "support": 45}, "1": {"precision": 0.7926267281105991, "recall": 1.0, "f1-score": 0.884318766066838, "support": 172}, "accuracy": 0.7926267281105991, "macro avg": {"precision": 0.39631336405529954, "recall": 0.5, "f1-score": 0.442159383033419, "support": 217}, "weighted avg": {"precision": 0.6282571301153135, "recall": 0.7926267281105991, "f1-score": 0.7009346901543602, "support": 217}}}}, "Atheism": {"stance_or_none": {"train": {"0": {"precision": 1.0, "recall": 0.008547008547008548, "f1-score": 0.016949152542372885, "support": 117}, "1": {"precision": 0.7734375, "recall": 1.0, "f1-score": 0.8722466960352423, "support": 396}, "accuracy": 0.7738791423001949, "macro avg": {"precision": 0.88671875, "recall": 0.5042735042735043, "f1-score": 0.44459792428880757, "support": 513}, "weighted avg": {"precision": 0.825109649122807, "recall": 0.7738791423001949, "f1-score": 0.6771788352386229, "support": 513}}, "test": {"0": {"precision": 0.0, "recall": 0.0, "f1-score": 0.0, "support": 28}, "1": {"precision": 0.8727272727272727, "recall": 1.0, "f1-score": 0.9320388349514563, "support": 192}, "accuracy": 0.8727272727272727, "macro avg": {"precision": 0.43636363636363634, "recall": 0.5, "f1-score": 0.46601941747572817, "support": 220}, "weighted avg": {"precision": 0.7616528925619834, "recall": 0.8727272727272727, "f1-score": 0.8134157105030891, "support": 220}}}, "favor_or_against": {"train": {"0": {"precision": 1.0, "recall": 0.09782608695652174, "f1-score": 0.17821782178217824, "support": 92}, "1": {"precision": 0.7855297157622739, "recall": 1.0, "f1-score": 0.8798842257597685, "support": 304}, "accuracy": 0.7904040404040404, "macro avg": {"precision": 0.8927648578811369, "recall": 0.5489130434782609, "f1-score": 0.5290510237709733, "support": 396}, "weighted avg": {"precision": 0.8353561454336649, "recall": 0.7904040404040404, "f1-score": 0.7168708187750757, "support": 396}}, "test": {"0": {"precision": 1.0, "recall": 0.03125, "f1-score": 0.06060606060606061, "support": 32}, "1": {"precision": 0.837696335078534, "recall": 1.0, "f1-score": 0.9116809116809117, "support": 160}, "accuracy": 0.8385416666666666, "macro avg": {"precision": 0.918848167539267, "recall": 0.515625, "f1-score": 0.4861434861434861, "support": 192}, "weighted avg": {"precision": 0.8647469458987783, "recall": 0.8385416666666666, "f1-score": 0.7698351031684365, "support": 192}}}}, "Climate Change is a Real Concern": {"stance_or_none": {"train": {"0": {"precision": 0.8297872340425532, "recall": 0.4642857142857143, "f1-score": 0.5954198473282444, "support": 168}, "1": {"precision": 0.7009966777408638, "recall": 0.9295154185022027, "f1-score": 0.7992424242424244, "support": 227}, "accuracy": 0.7316455696202532, "macro avg": {"precision": 0.7653919558917085, "recall": 0.6969005663939585, "f1-score": 0.6973311357853345, "support": 395}, "weighted avg": {"precision": 0.7557734206742407, "recall": 0.7316455696202532, "f1-score": 0.7125533282384188, "support": 395}}, "test": {"0": {"precision": 0.2777777777777778, "recall": 0.14285714285714285, "f1-score": 0.18867924528301885, "support": 35}, "1": {"precision": 0.8013245033112583, "recall": 0.9029850746268657, "f1-score": 0.849122807017544, "support": 134}, "accuracy": 0.7455621301775148, "macro avg": {"precision": 0.539551140544518, "recall": 0.5229211087420043, "f1-score": 0.5189010261502814, "support": 169}, "weighted avg": {"precision": 0.6928976666623127, "recall": 0.7455621301775148, "f1-score": 0.7123445545873169, "support": 169}}}, "favor_or_against": {"train": {"0": {"precision": 0.933920704845815, "recall": 1.0, "f1-score": 0.9658314350797266, "support": 212}, "1": {"precision": 0.0, "recall": 0.0, "f1-score": 0.0, "support": 15}, "accuracy": 0.933920704845815, "macro avg": {"precision": 0.4669603524229075, "recall": 0.5, "f1-score": 0.4829157175398633, "support": 227}, "weighted avg": {"precision": 0.8722078829397039, "recall": 0.933920704845815, "f1-score": 0.9020099746119032, "support": 227}}, "test": {"0": {"precision": 0.917910447761194, "recall": 1.0, "f1-score": 0.9571984435797666, "support": 123}, "1": {"precision": 0.0, "recall": 0.0, "f1-score": 0.0, "support": 11}, "accuracy": 0.917910447761194, "macro avg": {"precision": 0.458955223880597, "recall": 0.5, "f1-score": 0.4785992217898833, "support": 134}, "weighted avg": {"precision": 0.8425595901091557, "recall": 0.917910447761194, "f1-score": 0.8786224519426216, "support": 134}}}}, "Legalization of Abortion": {"stance_or_none": {"train": {"0": {"precision": 1.0, "recall": 0.024390243902439025, "f1-score": 0.047619047619047616, "support": 164}, "1": {"precision": 0.7328881469115192, "recall": 1.0, "f1-score": 0.8458574181117533, "support": 439}, "accuracy": 0.7346600331674958, "macro avg": {"precision": 0.8664440734557596, "recall": 0.5121951219512195, "f1-score": 0.4467382328654005, "support": 603}, "weighted avg": {"precision": 0.8055354834065621, "recall": 0.7346600331674958, "f1-score": 0.6287577617920124, "support": 603}}, "test": {"0": {"precision": 0.0, "recall": 0.0, "f1-score": 0.0, "support": 45}, "1": {"precision": 0.8392857142857143, "recall": 1.0, "f1-score": 0.9126213592233009, "support": 235}, "accuracy": 0.8392857142857143, "macro avg": {"precision": 0.41964285714285715, "recall": 0.5, "f1-score": 0.45631067961165045, "support": 280}, "weighted avg": {"precision": 0.7044005102040817, "recall": 0.8392857142857143, "f1-score": 0.7659500693481275, "support": 280}}}, "favor_or_against": {"train": {"0": {"precision": 1.0, "recall": 0.009523809523809525, "f1-score": 0.01886792452830189, "support": 105}, "1": {"precision": 0.7625570776255708, "recall": 1.0, "f1-score": 0.8652849740932642, "support": 334}, "accuracy": 0.7630979498861048, "macro avg": {"precision": 0.8812785388127854, "recall": 0.5047619047619047, "f1-score": 0.44207644931078305, "support": 439}, "weighted avg": {"precision": 0.8193486649816416, "recall": 0.7630979498861048, "f1-score": 0.6628389827394577, "support": 439}}, "test": {"0": {"precision": 0.0, "recall": 0.0, "f1-score": 0.0, "support": 46}, "1": {"precision": 0.8042553191489362, "recall": 1.0, "f1-score": 0.8915094339622642, "support": 189}, "accuracy": 0.8042553191489362, "macro avg": {"precision": 0.4021276595744681, "recall": 0.5, "f1-score": 0.4457547169811321, "support": 235}, "weighted avg": {"precision": 0.6468266183793572, "recall": 0.8042553191489362, "f1-score": 0.7170012043356083, "support": 235}}}},